id,value
1,NA
2,53
3,NA
4,624
5,105
6,NA
7,77
8,77
9,77
10,77
11,53
12,74
13,NA
14,53
15,77
16,77
17,77
18,77
19,53
20,53
21,77
22,77
23,77
24,2865
25,2864
26,2868
27,2868
28,1517
29,2905
30,2913
31,937
32,2868
33,2868
34,2868
35,2862
36,628
37,626
38,2868
39,2868
40,2868
41,98
42,98
43,98
44,98
45,105
46,105
47,103
48,98
49,98
50,98
51,98
52,105
53,105
54,98
55,98
56,98
57,20
58,20
59,20
60,20
61,22
62,20
63,20
64,20
65,20
66,20
67,20
68,20
69,40
70,40
71,40
72,40
73,40
74,40
75,40
76,40
77,40
78,40
79,40
80,89
81,89
82,89
83,89
84,89
85,89
86,89
87,89
88,89
89,89
90,89
91,89
92,89
93,NA
94,NA
95,NA
96,NA
97,NA
98,801
99,105
100,NA
101,NA
102,1455
103,1455
104,1456
105,1456
106,712
107,1463
108,1471
109,713
110,1456
111,1456
112,1456
113,1455
114,1456
115,1456
116,1456
117,2
118,NA
119,NA
120,NA
121,1807
122,1805
123,1807
124,1807
125,833
126,NA
127,NA
128,441
129,1807
130,1807
131,1807
132,1805
133,132
134,1807
135,1807
136,1807
137,NA
138,NA
139,1196
140,1196
141,1197
142,1197
143,1202
144,1207
145,1197
146,1197
147,1197
148,1196
149,627
150,626
151,1197
152,1197
153,1197
154,2
155,2
156,2
157,2
158,NA
159,2
160,2
161,2
162,2
163,2
164,2
165,2
166,NA
167,NA
168,NA
169,89
170,NA
171,NA
172,NA
173,NA
174,NA
175,NA
176,NA
177,NA
178,NA
179,NA
180,NA
181,NA
182,NA
183,NA
184,88
185,88
186,77
187,77
188,77
189,77
190,77
191,77
192,89
193,77
194,77
195,77
196,NA
197,NA
198,NA
199,NA
200,NA
201,NA
202,NA
203,NA
204,NA
205,NA
206,NA
207,NA
208,NA
209,NA
210,NA
211,NA
212,NA
213,NA
214,NA
215,NA
216,NA
217,NA
218,NA
219,NA
220,NA
221,NA
222,NA
223,NA
224,NA
225,NA
226,NA
227,NA
228,NA
229,NA
230,NA
231,NA
232,NA
233,NA
234,NA
235,NA
236,85
237,85
238,81
239,81
240,81
241,81
242,81
243,80
244,80
245,81
246,80
247,81
248,81
249,81
250,NA
251,NA
252,NA
253,1633
254,1633
255,1638
256,1638
257,853
258,1271
259,1679
260,123
261,966
262,1638
263,1638
264,1638
265,1631
266,968
267,625
268,687
269,1638
270,1638
271,1638
272,NA
273,NA
274,NA
275,NA
276,NA
277,NA
278,NA
279,NA
280,NA
281,NA
282,NA
283,86
284,86
285,85
286,85
287,85
288,85
289,85
290,85
291,85
292,85
293,85
294,NA
295,NA
296,NA
297,NA
298,NA
299,NA
300,NA
301,NA
302,NA
303,NA
304,NA
305,89
306,89
307,88
308,88
309,88
310,88
311,88
312,88
313,88
314,88
315,88
316,NA
317,NA
318,NA
319,NA
320,NA
321,NA
322,NA
323,NA
324,NA
325,NA
326,NA
327,37
328,37
329,35
330,35
331,35
332,35
333,35
334,35
335,35
336,35
337,35
338,26
339,26
340,26
341,26
342,27
343,NA
344,27
345,27
346,27
347,26
348,26
349,26
350,26
351,26
352,32
353,32
354,31
355,31
356,36
357,36
358,36
359,36
360,36
361,31
362,31
363,30
364,31
365,31
366,11
367,11
368,11
369,11
370,13
371,13
372,13
373,13
374,13
375,11
376,11
377,11
378,11
379,11
380,16
381,16
382,16
383,16
384,31
385,16
386,16
387,16
388,16
389,16
390,41
391,41
392,41
393,41
394,47
395,41
396,41
397,41
398,41
399,41
400,16
401,1609
402,1609
403,1614
404,1614
405,1662
406,1649
407,853
408,1662
409,1662
410,1653
411,1614
412,1614
413,1609
414,1655
415,1614
416,1614
417,367
418,365
419,367
420,367
421,377
422,377
423,139
424,377
425,NA
426,376
427,376
428,367
429,367
430,365
431,377
432,367
433,367
434,NA
435,NA
436,NA
437,NA
438,NA
439,NA
440,NA
441,NA
442,NA
443,NA
444,NA
445,43
446,43
447,45
448,45
449,NA
450,47
451,45
452,45
453,43
454,45
455,45
456,15
457,15
458,15
459,15
460,16
461,16
462,15
463,15
464,15
465,15
466,15
467,26
468,26
469,27
470,27
471,NA
472,27
473,27
474,26
475,27
476,27
477,33
478,33
479,35
480,35
481,NA
482,35
483,35
484,33
485,35
486,35
487,12
488,12
489,12
490,12
491,15
492,12
493,12
494,12
495,12
496,12
497,111
498,111
499,110
500,110
501,112
502,112
503,110
504,110
505,109
506,110
507,110
508,44
509,44
510,44
511,44
512,43
513,44
514,44
515,44
516,44
517,44
518,44
519,30
520,30
521,31
522,31
523,31
524,31
525,31
526,31
527,31
528,30
529,31
530,31
531,47
532,47
533,45
534,45
535,47
536,47
537,47
538,45
539,45
540,45
541,45
542,45
543,15
544,15
545,15
546,15
547,16
548,16
549,15
550,15
551,15
552,15
553,15
554,15
555,25
556,25
557,27
558,27
559,27
560,24
561,25
562,25
563,25
564,25
565,25
566,31
567,31
568,37
569,37
570,37
571,33
572,31
573,31
574,31
575,31
576,31
577,12
578,12
579,13
580,13
581,12
582,13
583,12
584,12
585,12
586,12
587,12
588,20
589,20
590,NA
591,20
592,20
593,20
594,20
595,20
596,20
597,20
598,20
599,20
600,817
601,816
602,NA
603,834
604,834
605,163
606,702
607,840
608,840
609,763
610,834
611,834
612,816
613,834
614,834
615,124
616,124
617,NA
618,126
619,126
620,126
621,126
622,126
623,126
624,126
625,126
626,124
627,126
628,126
629,25
630,25
631,NA
632,25
633,25
634,26
635,26
636,26
637,15
638,25
639,25
640,25
641,25
642,25
643,1837
644,1836
645,NA
646,1845
647,1845
648,1253
649,646
650,1892
651,1892
652,1794
653,1842
654,1845
655,1835
656,1845
657,1842
658,21
659,21
660,27
661,23
662,23
663,27
664,27
665,23
666,23
667,21
668,23
669,23
670,32
671,32
672,37
673,34
674,33
675,36
676,37
677,34
678,34
679,32
680,34
681,34
682,11
683,11
684,13
685,11
686,11
687,13
688,13
689,11
690,11
691,11
692,11
693,11
694,579
695,579
696,617
697,600
698,600
699,617
700,615
701,600
702,600
703,579
704,600
705,600
706,230
707,229
708,NA
709,230
710,230
711,NA
712,231
713,230
714,230
715,229
716,230
717,230
718,31
719,31
720,NA
721,31
722,31
723,31
724,31
725,31
726,31
727,31
728,31
729,31
730,31
731,31
732,31
733,31
734,47
735,47
736,NA
737,47
738,47
739,47
740,47
741,47
742,47
743,47
744,47
745,47
746,47
747,47
748,47
749,47
750,14
751,14
752,NA
753,14
754,14
755,16
756,16
757,16
758,16
759,16
760,16
761,14
762,14
763,14
764,14
765,14
766,753
767,753
768,780
769,755
770,755
771,469
772,NA
773,778
774,336
775,780
776,780
777,761
778,755
779,755
780,753
781,755
782,755
783,157
784,156
785,NA
786,157
787,157
788,159
789,NA
790,159
791,159
792,159
793,157
794,157
795,157
796,156
797,157
798,157
799,NA
800,NA
801,NA
802,30
803,47
804,NA
805,26
806,26
807,28
808,28
809,28
810,28
811,28
812,26
813,28
814,28
815,35
816,35
817,36
818,36
819,37
820,36
821,36
822,35
823,36
824,36
825,27
826,27
827,27
828,27
829,27
830,27
831,27
832,27
833,27
834,27
835,33
836,33
837,34
838,34
839,37
840,34
841,34
842,33
843,34
844,34
845,11
846,11
847,11
848,11
849,13
850,11
851,11
852,11
853,11
854,11
855,10
856,10
857,11
858,11
859,12
860,11
861,11
862,10
863,11
864,11
865,NA
866,NA
867,NA
868,NA
869,NA
870,NA
871,NA
872,NA
873,NA
874,941
875,938
876,1064
877,NA
878,1065
879,99
880,99
881,14
882,14
883,NA
884,NA
885,14
886,14
887,15
888,NA
889,NA
890,15
891,NA
892,15
893,14
894,14
895,13
896,14
897,14
898,37
899,37
900,37
901,36
902,36
903,37
904,NA
905,37
906,37
907,37
908,37
909,36
910,36
911,36
912,36
913,36
914,11
915,11
916,NA
917,11
918,11
919,13
920,NA
921,13
922,13
923,13
924,13
925,11
926,11
927,11
928,11
929,11
930,NA
931,141
932,141
933,141
934,141
935,160
936,177
937,177
938,187
939,141
940,141
941,141
942,141
943,141
944,NA
945,NA
946,NA
947,326
948,326
949,326
950,326
951,112
952,107
953,472
954,326
955,326
956,324
957,326
958,326
959,163
960,130
961,28
962,13
963,13
964,12
965,12
966,15
967,15
968,15
969,15
970,14
971,14
972,15
973,12
974,12
975,12
976,12
977,12
978,46
979,46
980,45
981,45
982,47
983,NA
984,47
985,47
986,47
987,47
988,47
989,45
990,45
991,45
992,45
993,45
994,11
995,11
996,11
997,11
998,13
999,NA
1000,13
1001,13
1002,13
1003,13
1004,13
1005,11
1006,11
1007,11
1008,11
1009,11
1010,873
1011,873
1012,NA
1013,878
1014,878
1015,640
1016,NA
1017,923
1018,309
1019,923
1020,924
1021,899
1022,878
1023,878
1024,872
1025,878
1026,282
1027,281
1028,NA
1029,282
1030,282
1031,162
1032,NA
1033,294
1034,143
1035,297
1036,297
1037,290
1038,282
1039,282
1040,281
1041,282
1042,124
1043,124
1044,NA
1045,124
1046,124
1047,130
1048,130
1049,130
1050,130
1051,130
1052,130
1053,124
1054,124
1055,124
1056,124
1057,26
1058,26
1059,NA
1060,26
1061,26
1062,27
1063,27
1064,27
1065,27
1066,27
1067,27
1068,26
1069,26
1070,26
1071,26
1072,NA
1073,NA
1074,NA
1075,NA
1076,NA
1077,23
1078,23
1079,23
1080,23
1081,28
1082,28
1083,27
1084,27
1085,23
1086,23
1087,23
1088,23
1089,23
1090,35
1091,35
1092,35
1093,35
1094,37
1095,37
1096,36
1097,37
1098,35
1099,35
1100,35
1101,35
1102,35
1103,11
1104,11
1105,11
1106,11
1107,13
1108,13
1109,13
1110,13
1111,11
1112,11
1113,11
1114,11
1115,11
1116,920
1117,920
1118,932
1119,921
1120,921
1121,418
1122,930
1123,932
1124,547
1125,932
1126,931
1127,932
1128,932
1129,920
1130,920
1131,918
1132,920
1133,920
1134,834
1135,832
1136,828
1137,828
1138,142
1139,835
1140,719
1141,835
1142,835
1143,835
1144,828
1145,828
1146,826
1147,828
1148,828
1149,31
1150,46
1151,16
1152,35
1153,35
1154,35
1155,35
1156,37
1157,37
1158,37
1159,35
1160,35
1161,34
1162,35
1163,35
1164,27
1165,27
1166,27
1167,27
1168,15
1169,28
1170,28
1171,27
1172,27
1173,27
1174,27
1175,27
1176,1070
1177,2004
1178,653
1179,828
1180,827
1181,825
1182,825
1183,142
1184,840
1185,841
1186,839
1187,825
1188,825
1189,824
1190,825
1191,825
1192,121
1193,121
1194,121
1195,121
1196,99
1197,99
1198,124
1199,130
1200,130
1201,130
1202,121
1203,121
1204,121
1205,121
1206,121
1207,27
1208,27
1209,27
1210,27
1211,26
1212,26
1213,26
1214,27
1215,27
1216,26
1217,27
1218,27
1219,27
1220,27
1221,27
1222,11
1223,11
1224,11
1225,11
1226,15
1227,13
1228,13
1229,11
1230,11
1231,11
1232,11
1233,11
1234,NA
1235,238
1236,238
1237,NA
1238,NA
1239,NA
1240,1102
1241,119
1242,119
1243,119
1244,119
1245,128
1246,120
1247,113
1248,128
1249,128
1250,128
1251,119
1252,119
1253,119
1254,128
1255,119
1256,119
1257,27
1258,27
1259,27
1260,27
1261,28
1262,26
1263,27
1264,28
1265,28
1266,27
1267,27
1268,27
1269,27
1270,28
1271,27
1272,27
1273,NA
1274,NA
1275,NA
1276,NA
1277,46
1278,NA
1279,NA
1280,NA
1281,NA
1282,NA
1283,NA
1284,15
1285,NA
1286,NA
1287,NA
1288,NA
1289,46
1290,46
1291,NA
1292,NA
1293,NA
1294,NA
1295,NA
1296,NA
1297,NA
1298,NA
1299,NA
1300,15
1301,15
1302,NA
1303,NA
1304,NA
1305,NA
1306,NA
1307,NA
1308,NA
1309,NA
1310,NA
1311,NA
1312,NA
1313,NA
1314,NA
1315,NA
1316,NA
1317,NA
1318,NA
1319,NA
1320,NA
1321,NA
1322,NA
1323,NA
1324,NA
1325,NA
1326,NA
1327,NA
1328,NA
1329,NA
1330,NA
1331,NA
1332,4
1333,4
1334,4921
1335,4844
1336,4863
1337,4
1338,4
1339,4
1340,NA
1341,NA
1342,4872
1343,4
1344,4
1345,4
1346,46
1347,46
1348,NA
1349,NA
1350,NA
1351,NA
1352,NA
1353,NA
1354,NA
1355,15
1356,15
1357,NA
1358,NA
1359,NA
1360,NA
1361,NA
1362,NA
1363,NA
1364,NA
1365,NA
1366,NA
1367,NA
1368,46
1369,46
1370,NA
1371,NA
1372,NA
1373,NA
1374,NA
1375,NA
1376,NA
1377,15
1378,15
1379,NA
1380,NA
1381,NA
1382,NA
1383,NA
1384,NA
1385,NA
1386,NA
1387,NA
1388,NA
1389,NA
1390,NA
1391,NA
1392,NA
1393,NA
1394,NA
1395,NA
1396,NA
1397,NA
1398,NA
1399,NA
1400,NA
1401,499
1402,499
1403,499
1404,499
1405,499
1406,499
1407,499
1408,499
1409,627
1410,627
1411,167
1412,167
1413,167
1414,167
1415,20
1416,20
1417,NA
1418,46
1419,46
1420,NA
1421,NA
1422,46
1423,NA
1424,NA
1425,NA
1426,NA
1427,NA
1428,15
1429,15
1430,NA
1431,NA
1432,15
1433,NA
1434,NA
1435,NA
1436,NA
1437,NA
1438,46
1439,46
1440,46
1441,15
1442,15
1443,15
1444,46
1445,46
1446,46
1447,46
1448,NA
1449,NA
1450,1299
1451,1607
1452,1607
1453,3719
1454,4807
1455,4151
1456,990
1457,793
1458,1607
1459,1607
1460,1607
1461,NA
1462,1053
1463,1607
1464,1607
1465,1607
1466,553
1467,553
1468,46
1469,46
1470,NA
1471,NA
1472,NA
1473,NA
1474,NA
1475,NA
1476,NA
1477,15
1478,15
1479,NA
1480,NA
1481,NA
1482,NA
1483,NA
1484,NA
1485,NA
1486,NA
1487,NA
1488,NA
1489,15
1490,15
1491,15
1492,15
1493,NA
1494,36
1495,36
1496,37
1497,34
1498,34
1499,34
1500,34
1501,34
1502,12
1503,12
1504,13
1505,12
1506,12
1507,12
1508,12
1509,12
1510,NA
1511,NA
1512,NA
1513,NA
1514,NA
1515,NA
1516,NA
1517,NA
1518,NA
1519,NA
1520,NA
1521,NA
1522,NA
1523,NA
1524,NA
1525,NA
1526,NA
1527,NA
1528,344
1529,476
1530,551
1531,NA
1532,NA
1533,NA
1534,NA
1535,554
1536,NA
1537,NA
1538,NA
1539,NA
1540,NA
1541,NA
1542,NA
1543,NA
1544,NA
1545,NA
1546,NA
1547,NA
1548,NA
1549,NA
1550,NA
1551,NA
1552,NA
1553,NA
1554,NA
1555,NA
1556,NA
1557,NA
1558,NA
1559,NA
1560,NA
1561,NA
1562,NA
1563,NA
1564,NA
1565,NA
1566,NA
1567,NA
1568,NA
1569,NA
1570,NA
1571,NA
1572,NA
1573,NA
1574,NA
1575,NA
1576,NA
1577,NA
1578,NA
1579,NA
1580,NA
1581,NA
1582,NA
1583,NA
1584,NA
1585,NA
1586,NA
1587,NA
1588,NA
1589,NA
1590,NA
1591,NA
1592,NA
1593,NA
1594,NA
1595,NA
1596,NA
1597,NA
1598,NA
1599,NA
1600,NA
1601,NA
1602,NA
1603,NA
1604,NA
1605,NA
1606,NA
1607,NA
1608,NA
1609,NA
1610,NA
1611,NA
1612,NA
1613,NA
1614,NA
1615,NA
1616,NA
1617,NA
1618,NA
1619,NA
1620,NA
1621,NA
1622,NA
1623,NA
1624,NA
1625,NA
1626,NA
1627,NA
1628,NA
1629,NA
1630,NA
1631,NA
1632,NA
1633,NA
1634,NA
1635,NA
1636,NA
1637,NA
1638,NA
1639,NA
1640,NA
1641,NA
1642,NA
1643,NA
1644,NA
1645,NA
1646,NA
1647,NA
1648,NA
1649,NA
1650,NA
1651,NA
1652,NA
1653,NA
1654,NA
1655,NA
1656,NA
1657,NA
1658,NA
1659,NA
1660,NA
1661,NA
1662,NA
1663,NA
1664,NA
1665,NA
1666,NA
1667,NA
1668,NA
1669,NA
1670,NA
1671,NA
1672,NA
1673,NA
1674,NA
1675,NA
1676,NA
1677,NA
1678,NA
1679,NA
1680,NA
1681,NA
1682,NA
1683,NA
1684,NA
1685,NA
1686,NA
1687,NA
1688,NA
1689,NA
1690,NA
1691,NA
1692,NA
1693,NA
1694,NA
1695,NA
1696,NA
1697,NA
1698,NA
1699,NA
1700,NA
1701,NA
1702,NA
1703,NA
1704,NA
1705,NA
1706,NA
1707,NA
1708,NA
1709,NA
1710,NA
1711,NA
1712,NA
1713,NA
1714,NA
1715,NA
1716,NA
1717,NA
1718,NA
1719,NA
1720,NA
1721,NA
1722,NA
1723,NA
1724,NA
1725,NA
1726,NA
1727,NA
1728,NA
1729,NA
1730,NA
1731,NA
1732,NA
1733,NA
1734,NA
1735,NA
1736,NA
1737,NA
1738,NA
1739,NA
1740,NA
1741,NA
1742,NA
1743,NA
1744,NA
1745,NA
1746,NA
1747,NA
1748,NA
1749,NA
1750,NA
1751,NA
1752,NA
1753,NA
1754,NA
1755,NA
1756,NA
1757,NA
1758,NA
1759,NA
1760,NA
1761,NA
1762,NA
1763,NA
1764,NA
1765,NA
1766,NA
1767,NA
1768,NA
1769,NA
1770,NA
1771,NA
1772,NA
1773,NA
1774,NA
1775,NA
1776,NA
1777,NA
1778,NA
1779,NA
1780,NA
1781,NA
1782,NA
1783,NA
1784,NA
1785,NA
1786,NA
1787,NA
1788,NA
1789,NA
1790,NA
1791,NA
1792,NA
1793,NA
1794,NA
1795,NA
1796,NA
1797,NA
1798,NA
1799,NA
1800,NA
1801,NA
1802,NA
1803,NA
1804,NA
1805,NA
1806,NA
1807,NA
1808,NA
1809,NA
1810,NA
1811,NA
1812,NA
1813,NA
1814,NA
1815,NA
1816,NA
1817,NA
1818,NA
1819,NA
1820,NA
1821,NA
1822,NA
1823,NA
1824,NA
1825,NA
1826,NA
1827,NA
1828,NA
1829,NA
1830,NA
1831,NA
1832,NA
1833,NA
1834,NA
1835,NA
1836,NA
1837,NA
1838,NA
1839,NA
1840,NA
1841,10232
1842,8240
1843,NA
1844,11
1845,11
1846,11
1847,11
1848,11
1849,11
1850,11
1851,11
1852,11
1853,11
1854,11
1855,11
1856,11
1857,11
1858,11
1859,11
1860,11
1861,11
1862,11
1863,11
1864,11
1865,11
1866,11
1867,11
1868,11
1869,11
1870,11
1871,NA
1872,11
1873,11
1874,11
1875,11
1876,11
1877,11
1878,11
1879,11
1880,11
1881,11
1882,11
1883,11
1884,11
1885,11
1886,11
1887,11
1888,11
1889,11
1890,11
1891,11
1892,11
1893,11
1894,11
1895,11
1896,11
1897,11
1898,11
1899,11
1900,NA
1901,11
1902,11
1903,11
1904,11
1905,11
1906,11
1907,11
1908,11
1909,11
1910,11
1911,11
1912,11
1913,11
1914,11
1915,11
1916,11
1917,11
1918,11
1919,11
1920,11
1921,11
1922,11
1923,11
1924,11
1925,11
1926,11
1927,11
1928,11
1929,11
1930,11
1931,11
1932,11
1933,11
1934,11
1935,9
1936,11
1937,11
1938,11
1939,11
1940,11
1941,11
1942,11
1943,11
1944,11
1945,11
1946,11
1947,11
1948,14
1949,14
1950,14
1951,16
1952,16
1953,14
1954,14
1955,16
1956,16
1957,16
1958,16
1959,16
1960,16
1961,14
1962,16
1963,14
1964,16
1965,16
1966,16
1967,16
1968,16
1969,16
1970,16
1971,16
1972,16
1973,14
1974,14
1975,16
1976,16
1977,14
1978,14
1979,16
1980,16
1981,16
1982,16
1983,16
1984,16
1985,14
1986,16
1987,14
1988,16
1989,16
1990,16
1991,16
1992,16
1993,16
1994,16
1995,16
1996,16
1997,14
1998,14
1999,14
2000,16
2001,16
2002,14
2003,14
2004,16
2005,16
2006,16
2007,16
2008,16
2009,16
2010,14
2011,16
2012,14
2013,16
2014,16
2015,16
2016,16
2017,16
2018,16
2019,16
2020,16
2021,16
2022,14
2023,14
2024,16
2025,16
2026,14
2027,14
2028,16
2029,16
2030,16
2031,16
2032,16
2033,16
2034,14
2035,16
2036,14
2037,16
2038,16
2039,16
2040,16
2041,16
2042,16
2043,16
2044,16
2045,16
2046,14
2047,14
2048,14
2049,14
2050,14
2051,14
2052,14
2053,24
2054,24
2055,24
2056,24
2057,24
2058,24
2059,24
2060,24
2061,24
2062,24
2063,24
2064,24
2065,24
2066,24
2067,24
2068,24
2069,24
2070,24
2071,24
2072,24
2073,24
2074,24
2075,24
2076,24
2077,24
2078,24
2079,24
2080,24
2081,24
2082,24
2083,24
2084,24
2085,24
2086,24
2087,24
2088,24
2089,24
2090,24
2091,24
2092,24
2093,24
2094,24
2095,24
2096,24
2097,24
2098,24
2099,24
2100,24
2101,24
2102,24
2103,24
2104,24
2105,24
2106,24
2107,24
2108,24
2109,24
2110,24
2111,24
2112,24
2113,24
2114,24
2115,24
2116,24
2117,24
2118,24
2119,24
2120,24
2121,24
2122,24
2123,24
2124,24
2125,24
2126,24
2127,24
2128,24
2129,24
2130,24
2131,24
2132,24
2133,24
2134,24
2135,24
2136,24
2137,24
2138,24
2139,24
2140,24
2141,24
2142,24
2143,24
2144,24
2145,24
2146,24
2147,24
2148,24
2149,24
2150,24
2151,24
2152,24
2153,NA
2154,NA
2155,24
2156,24
2157,24
2158,24
2159,24
2160,24
2161,24
2162,24
2163,24
2164,24
2165,24
2166,24
2167,24
2168,24
2169,24
2170,24
2171,24
2172,24
2173,24
2174,24
2175,24
2176,24
2177,24
2178,24
2179,24
2180,24
2181,24
2182,24
2183,24
2184,24
2185,24
2186,24
2187,24
2188,24
2189,24
2190,24
2191,24
2192,24
2193,24
2194,24
2195,24
2196,24
2197,24
2198,24
2199,24
2200,NA
2201,NA
2202,24
2203,24
2204,24
2205,24
2206,24
2207,24
2208,24
2209,24
2210,24
2211,24
2212,24
2213,24
2214,24
2215,24
2216,24
2217,24
2218,24
2219,24
2220,24
2221,24
2222,24
2223,24
2224,24
2225,24
2226,24
2227,24
2228,24
2229,24
2230,24
2231,24
2232,24
2233,24
2234,24
2235,24
2236,24
2237,24
2238,24
2239,24
2240,24
2241,24
2242,24
2243,24
2244,24
2245,24
2246,24
2247,24
2248,24
2249,24
2250,24
2251,24
2252,24
2253,24
2254,24
2255,24
2256,24
2257,24
2258,24
2259,24
2260,24
2261,24
2262,24
2263,24
2264,24
2265,24
2266,24
2267,24
2268,24
2269,24
2270,24
2271,24
2272,24
2273,24
2274,24
2275,24
2276,24
2277,24
2278,24
2279,24
2280,24
2281,24
2282,24
2283,24
2284,24
2285,24
2286,24
2287,24
2288,24
2289,24
2290,24
2291,24
2292,24
2293,24
2294,24
2295,24
2296,24
2297,24
2298,24
2299,24
2300,24
2301,24
2302,24
2303,24
2304,24
2305,24
2306,24
2307,24
2308,19
2309,24
2310,24
2311,24
2312,24
2313,24
2314,24
2315,24
2316,24
2317,24
2318,24
2319,24
2320,24
2321,24
2322,24
2323,24
2324,24
2325,24
2326,24
2327,24
2328,24
2329,24
2330,24
2331,24
2332,24
2333,24
2334,24
2335,24
2336,24
2337,24
2338,24
2339,24
2340,24
2341,24
2342,24
2343,NA
2344,24
2345,24
2346,24
2347,24
2348,24
2349,24
2350,24
2351,24
2352,24
2353,24
2354,24
2355,24
2356,24
2357,24
2358,24
2359,24
2360,24
2361,24
2362,24
2363,24
2364,24
2365,24
2366,24
2367,24
2368,24
2369,24
2370,24
2371,24
2372,24
2373,24
2374,24
2375,24
2376,24
2377,24
2378,24
2379,24
2380,24
2381,24
2382,24
2383,24
2384,24
2385,24
2386,24
2387,24
2388,NA
2389,24
2390,24
2391,24
2392,24
2393,24
2394,24
2395,24
2396,24
2397,24
2398,24
2399,24
2400,24
2401,24
2402,24
2403,24
2404,24
2405,24
2406,24
2407,24
2408,24
2409,24
2410,24
2411,24
2412,24
2413,24
2414,24
2415,24
2416,NA
2417,24
2418,24
2419,24
2420,24
2421,24
2422,24
2423,24
2424,24
2425,24
2426,24
2427,24
2428,24
2429,24
2430,24
2431,24
2432,24
2433,24
2434,24
2435,24
2436,24
2437,24
2438,24
2439,24
2440,24
2441,24
2442,24
2443,24
2444,24
2445,24
2446,24
2447,24
2448,24
2449,24
2450,24
2451,24
2452,24
2453,24
2454,24
2455,24
2456,24
2457,NA
2458,NA
2459,13
2460,13
2461,16
2462,16
2463,13
2464,13
2465,16
2466,16
2467,16
2468,16
2469,16
2470,16
2471,13
2472,16
2473,13
2474,16
2475,16
2476,16
2477,16
2478,16
2479,16
2480,16
2481,16
2482,16
2483,NA
2484,12
2485,12
2486,12
2487,16
2488,16
2489,12
2490,13
2491,16
2492,16
2493,16
2494,16
2495,16
2496,16
2497,12
2498,16
2499,12
2500,16
2501,16
2502,16
2503,16
2504,16
2505,16
2506,16
2507,16
2508,16
2509,14
2510,14
2511,16
2512,16
2513,14
2514,16
2515,16
2516,16
2517,16
2518,16
2519,16
2520,14
2521,16
2522,14
2523,16
2524,16
2525,16
2526,16
2527,16
2528,16
2529,16
2530,16
2531,16
2532,14
2533,14
2534,15
2535,16
2536,16
2537,14
2538,16
2539,16
2540,16
2541,16
2542,16
2543,16
2544,14
2545,16
2546,14
2547,16
2548,16
2549,16
2550,16
2551,16
2552,16
2553,16
2554,16
2555,16
2556,14
2557,14
2558,14
2559,16
2560,16
2561,14
2562,16
2563,16
2564,16
2565,16
2566,16
2567,16
2568,14
2569,16
2570,14
2571,16
2572,16
2573,16
2574,16
2575,16
2576,16
2577,16
2578,16
2579,16
2580,14
2581,14
2582,16
2583,16
2584,14
2585,16
2586,16
2587,16
2588,16
2589,16
2590,16
2591,14
2592,16
2593,14
2594,16
2595,16
2596,16
2597,16
2598,16
2599,16
2600,16
2601,16
2602,16
2603,NA
2604,13
2605,13
2606,13
2607,14
2608,16
2609,16
2610,13
2611,16
2612,16
2613,16
2614,16
2615,16
2616,16
2617,13
2618,16
2619,13
2620,16
2621,16
2622,16
2623,16
2624,16
2625,16
2626,16
2627,16
2628,16
2629,14
2630,14
2631,16
2632,16
2633,14
2634,14
2635,16
2636,16
2637,16
2638,16
2639,16
2640,16
2641,14
2642,16
2643,14
2644,16
2645,16
2646,16
2647,16
2648,16
2649,16
2650,16
2651,16
2652,16
2653,16
2654,16
2655,16
2656,16
2657,16
2658,16
2659,16
2660,16
2661,16
2662,15
2663,16
2664,16
2665,16
2666,16
2667,16
2668,16
2669,16
2670,16
2671,16
2672,14
2673,14
2674,14
2675,16
2676,16
2677,14
2678,16
2679,16
2680,16
2681,16
2682,16
2683,16
2684,14
2685,16
2686,14
2687,16
2688,16
2689,16
2690,16
2691,16
2692,16
2693,16
2694,16
2695,16
2696,14
2697,14
2698,14
2699,16
2700,16
2701,14
2702,16
2703,16
2704,16
2705,16
2706,16
2707,16
2708,14
2709,16
2710,14
2711,16
2712,16
2713,16
2714,16
2715,16
2716,16
2717,16
2718,16
2719,16
2720,14
2721,14
2722,14
2723,16
2724,16
2725,14
2726,16
2727,16
2728,16
2729,16
2730,16
2731,16
2732,14
2733,16
2734,14
2735,16
2736,16
2737,16
2738,16
2739,16
2740,16
2741,16
2742,16
2743,16
2744,NA
2745,11
2746,11
2747,11
2748,11
2749,11
2750,11
2751,11
2752,11
2753,11
2754,11
2755,11
2756,11
2757,11
2758,11
2759,11
2760,11
2761,11
2762,11
2763,11
2764,11
2765,11
2766,11
2767,11
2768,11
2769,11
2770,11
2771,11
2772,11
2773,11
2774,11
2775,11
2776,11
2777,11
2778,11
2779,11
2780,11
2781,11
2782,11
2783,11
2784,11
2785,11
2786,11
2787,11
2788,11
2789,11
2790,11
2791,11
2792,11
2793,11
2794,11
2795,11
2796,11
2797,11
2798,11
2799,11
2800,11
2801,11
2802,11
2803,11
2804,11
2805,11
2806,11
2807,11
2808,11
2809,11
2810,11
2811,11
2812,11
2813,11
2814,11
2815,11
2816,11
2817,11
2818,11
2819,11
2820,11
2821,11
2822,11
2823,11
2824,11
2825,11
2826,11
2827,11
2828,11
2829,11
2830,11
2831,11
2832,11
2833,11
2834,11
2835,11
2836,11
2837,NA
2838,11
2839,11
2840,11
2841,11
2842,11
2843,11
2844,11
2845,11
2846,11
2847,11
2848,11
2849,11
2850,11
2851,11
2852,11
2853,11
2854,11
2855,11
2856,11
2857,11
2858,11
2859,NA
2860,11
2861,10
2862,11
2863,11
2864,11
2865,11
2866,11
2867,11
2868,11
2869,11
2870,10
2871,11
2872,11
2873,11
2874,11
2875,11
2876,11
2877,11
2878,11
2879,11
2880,11
2881,11
2882,11
2883,NA
2884,11
2885,11
2886,11
2887,11
2888,11
2889,11
2890,11
2891,11
2892,11
2893,11
2894,11
2895,11
2896,11
2897,11
2898,11
2899,11
2900,11
2901,11
2902,11
2903,11
2904,11
2905,11
2906,11
2907,11
2908,11
2909,11
2910,11
2911,11
2912,NA
2913,11
2914,11
2915,11
2916,11
2917,11
2918,11
2919,11
2920,11
2921,11
2922,11
2923,11
2924,11
2925,11
2926,11
2927,11
2928,11
2929,11
2930,11
2931,11
2932,NA
2933,11
2934,11
2935,11
2936,11
2937,11
2938,11
2939,11
2940,11
2941,11
2942,11
2943,11
2944,11
2945,11
2946,11
2947,11
2948,11
2949,11
2950,11
2951,11
2952,11
2953,11
2954,11
2955,11
2956,11
2957,11
2958,11
2959,11
2960,11
2961,11
2962,11
2963,11
2964,11
2965,11
2966,11
2967,11
2968,11
2969,11
2970,11
2971,11
2972,11
2973,11
2974,11
2975,11
2976,11
2977,742
2978,742
2979,1439
2980,135
2981,133
2982,1439
2983,741
2984,717
2985,2
2986,717
2987,717
2988,135
2989,717
2990,704
2991,687
2992,717
2993,717
2994,1439
2995,211
2996,1439
2997,717
2998,135
2999,717
3000,717
3001,717
3002,707
3003,717
3004,717
3005,2947
3006,2935
3007,2950
3008,2999
3009,133
3010,130
3011,2969
3012,2957
3013,2952
3014,2918
3015,2952
3016,2952
3017,133
3018,2952
3019,2788
3020,2911
3021,2953
3022,2952
3023,2999
3024,2636
3025,2999
3026,2950
3027,133
3028,2952
3029,2950
3030,2950
3031,2936
3032,2950
3033,2950
3034,939
3035,939
3036,917
3037,945
3038,729
3039,944
3040,923
3041,365
3042,923
3043,724
3044,923
3045,797
3046,920
3047,923
3048,923
3049,945
3050,913
3051,958
3052,923
3053,923
3054,923
3055,923
3056,868
3057,923
3058,923
3059,428
3060,428
3061,428
3062,317
3063,136
3064,134
3065,317
3066,429
3067,427
3068,NA
3069,427
3070,427
3071,136
3072,427
3073,191
3074,427
3075,427
3076,427
3077,317
3078,224
3079,429
3080,427
3081,136
3082,427
3083,427
3084,427
3085,420
3086,427
3087,427
3088,321
3089,321
3090,1425
3091,711
3092,393
3093,393
3094,393
3095,393
3096,389
3097,314
3098,393
3099,393
3100,1425
3101,1537
3102,393
3103,393
3104,393
3105,393
3106,393
3107,393
3108,393
3109,1437
3110,1437
3111,1438
3112,1329
3113,137
3114,135
3115,1437
3116,1438
3117,1090
3118,1090
3119,1090
3120,137
3121,1090
3122,774
3123,1090
3124,1090
3125,1090
3126,1362
3127,556
3128,1441
3129,1090
3130,137
3131,1090
3132,1090
3133,1090
3134,1087
3135,1090
3136,1090
3137,1345
3138,1345
3139,569
3140,138
3141,136
3142,1310
3143,1345
3144,1345
3145,1345
3146,138
3147,1345
3148,1207
3149,1342
3150,1345
3151,1345
3152,1204
3153,1345
3154,138
3155,1345
3156,1345
3157,1345
3158,1342
3159,1345
3160,1345
3161,603
3162,603
3163,615
3164,602
3165,596
3166,596
3167,596
3168,596
3169,562
3170,595
3171,596
3172,595
3173,540
3174,618
3175,596
3176,595
3177,596
3178,596
3179,595
3180,594
3181,595
3182,NA
3183,87
3184,87
3185,87
3186,87
3187,87
3188,87
3189,87
3190,87
3191,87
3192,87
3193,87
3194,87
3195,87
3196,87
3197,87
3198,87
3199,87
3200,87
3201,84
3202,87
3203,87
3204,87
3205,87
3206,87
3207,87
3208,87
3209,87
3210,85
3211,85
3212,85
3213,85
3214,85
3215,85
3216,85
3217,85
3218,85
3219,85
3220,85
3221,85
3222,85
3223,85
3224,85
3225,85
3226,85
3227,85
3228,85
3229,85
3230,85
3231,85
3232,85
3233,85
3234,85
3235,85
3236,85
3237,85
3238,61
3239,60
3240,85
3241,84
3242,85
3243,14
3244,14
3245,14
3246,15
3247,15
3248,15
3249,14
3250,15
3251,15
3252,15
3253,15
3254,15
3255,15
3256,14
3257,15
3258,15
3259,15
3260,15
3261,15
3262,15
3263,15
3264,15
3265,15
3266,15
3267,15
3268,22
3269,22
3270,22
3271,22
3272,22
3273,22
3274,5
3275,22
3276,22
3277,22
3278,22
3279,22
3280,22
3281,22
3282,22
3283,5
3284,5
3285,22
3286,22
3287,22
3288,22
3289,22
3290,22
3291,22
3292,22
3293,22
3294,22
3295,14
3296,14
3297,14
3298,15
3299,15
3300,15
3301,15
3302,15
3303,15
3304,15
3305,15
3306,14
3307,15
3308,14
3309,15
3310,15
3311,15
3312,15
3313,15
3314,15
3315,15
3316,15
3317,15
3318,15
3319,22
3320,22
3321,22
3322,22
3323,22
3324,22
3325,22
3326,22
3327,22
3328,22
3329,21
3330,22
3331,22
3332,22
3333,22
3334,22
3335,22
3336,22
3337,22
3338,22
3339,22
3340,22
3341,22
3342,22
3343,14
3344,14
3345,15
3346,15
3347,15
3348,14
3349,15
3350,15
3351,15
3352,15
3353,15
3354,15
3355,14
3356,15
3357,15
3358,4
3359,15
3360,15
3361,15
3362,15
3363,15
3364,15
3365,15
3366,15
3367,15
3368,22
3369,22
3370,22
3371,22
3372,22
3373,22
3374,22
3375,22
3376,22
3377,22
3378,22
3379,22
3380,21
3381,22
3382,22
3383,22
3384,NA
3385,22
3386,22
3387,22
3388,22
3389,22
3390,22
3391,22
3392,22
3393,22
3394,14
3395,14
3396,15
3397,15
3398,15
3399,14
3400,15
3401,15
3402,15
3403,15
3404,15
3405,15
3406,14
3407,15
3408,15
3409,15
3410,15
3411,15
3412,15
3413,15
3414,15
3415,15
3416,15
3417,15
3418,22
3419,22
3420,22
3421,22
3422,22
3423,22
3424,22
3425,22
3426,22
3427,22
3428,22
3429,19
3430,22
3431,22
3432,22
3433,22
3434,22
3435,22
3436,22
3437,22
3438,22
3439,22
3440,22
3441,22
3442,14
3443,14
3444,14
3445,15
3446,15
3447,15
3448,15
3449,15
3450,15
3451,15
3452,15
3453,14
3454,15
3455,15
3456,15
3457,15
3458,15
3459,15
3460,15
3461,15
3462,15
3463,15
3464,15
3465,22
3466,22
3467,22
3468,22
3469,22
3470,22
3471,22
3472,22
3473,22
3474,22
3475,20
3476,22
3477,22
3478,22
3479,22
3480,22
3481,22
3482,22
3483,22
3484,22
3485,22
3486,22
3487,22
3488,14
3489,14
3490,14
3491,15
3492,15
3493,15
3494,15
3495,15
3496,15
3497,15
3498,15
3499,14
3500,15
3501,14
3502,15
3503,15
3504,15
3505,15
3506,15
3507,15
3508,15
3509,15
3510,15
3511,15
3512,22
3513,22
3514,22
3515,22
3516,22
3517,22
3518,22
3519,22
3520,22
3521,22
3522,21
3523,22
3524,22
3525,22
3526,22
3527,22
3528,22
3529,22
3530,22
3531,22
3532,22
3533,22
3534,22
3535,22
3536,14
3537,14
3538,14
3539,15
3540,15
3541,2
3542,15
3543,15
3544,15
3545,15
3546,15
3547,15
3548,14
3549,15
3550,2
3551,2
3552,15
3553,15
3554,15
3555,15
3556,15
3557,15
3558,15
3559,15
3560,15
3561,15
3562,22
3563,22
3564,22
3565,22
3566,22
3567,22
3568,22
3569,22
3570,22
3571,22
3572,18
3573,22
3574,22
3575,22
3576,22
3577,22
3578,22
3579,22
3580,22
3581,22
3582,22
3583,22
3584,22
3585,14
3586,14
3587,15
3588,15
3589,15
3590,15
3591,15
3592,15
3593,15
3594,15
3595,14
3596,15
3597,15
3598,15
3599,15
3600,15
3601,15
3602,15
3603,15
3604,15
3605,15
3606,15
3607,22
3608,22
3609,22
3610,22
3611,22
3612,22
3613,22
3614,22
3615,22
3616,22
3617,14
3618,22
3619,22
3620,22
3621,22
3622,22
3623,22
3624,22
3625,22
3626,22
3627,22
3628,22
3629,22
3630,22
3631,14
3632,14
3633,14
3634,15
3635,15
3636,15
3637,14
3638,NA
3639,15
3640,15
3641,15
3642,15
3643,15
3644,15
3645,14
3646,15
3647,NA
3648,NA
3649,15
3650,15
3651,15
3652,15
3653,15
3654,15
3655,15
3656,15
3657,15
3658,15
3659,22
3660,22
3661,22
3662,22
3663,22
3664,22
3665,22
3666,NA
3667,22
3668,22
3669,22
3670,22
3671,22
3672,19
3673,22
3674,22
3675,NA
3676,NA
3677,22
3678,22
3679,22
3680,22
3681,22
3682,22
3683,22
3684,22
3685,22
3686,22
3687,22
3688,22
3689,22
3690,22
3691,22
3692,22
3693,5
3694,22
3695,22
3696,22
3697,22
3698,22
3699,17
3700,22
3701,22
3702,5
3703,5
3704,22
3705,22
3706,22
3707,22
3708,22
3709,22
3710,22
3711,22
3712,22
3713,22
3714,22
3715,22
3716,22
3717,22
3718,22
3719,22
3720,22
3721,22
3722,22
3723,18
3724,22
3725,22
3726,22
3727,22
3728,22
3729,22
3730,22
3731,22
3732,22
3733,22
3734,22
3735,22
3736,14
3737,14
3738,14
3739,15
3740,15
3741,2
3742,15
3743,15
3744,15
3745,15
3746,15
3747,15
3748,14
3749,15
3750,2
3751,2
3752,15
3753,15
3754,15
3755,15
3756,15
3757,15
3758,15
3759,15
3760,15
3761,15
3762,14
3763,14
3764,14
3765,15
3766,15
3767,15
3768,15
3769,15
3770,15
3771,15
3772,15
3773,14
3774,15
3775,14
3776,15
3777,15
3778,15
3779,15
3780,15
3781,15
3782,15
3783,15
3784,15
3785,22
3786,22
3787,22
3788,22
3789,22
3790,22
3791,22
3792,22
3793,22
3794,22
3795,22
3796,22
3797,22
3798,22
3799,22
3800,22
3801,22
3802,22
3803,22
3804,22
3805,22
3806,22
3807,22
3808,14
3809,14
3810,14
3811,15
3812,15
3813,15
3814,14
3815,2
3816,15
3817,15
3818,15
3819,15
3820,15
3821,15
3822,14
3823,15
3824,2
3825,2
3826,15
3827,15
3828,15
3829,15
3830,15
3831,15
3832,15
3833,15
3834,15
3835,15
3836,22
3837,22
3838,22
3839,22
3840,22
3841,22
3842,22
3843,22
3844,22
3845,22
3846,22
3847,22
3848,22
3849,22
3850,22
3851,22
3852,22
3853,22
3854,22
3855,22
3856,22
3857,22
3858,22
3859,22
3860,22
3861,NA
3862,812
3863,812
3864,698
3865,96
3866,96
3867,95
3868,NA
3869,111
3870,110
3871,87
3872,81
3873,1649
3874,29
3875,7
3876,45
3877,45
3878,44
3879,45
3880,39
3881,44
3882,4049
3883,267
3884,4090
3885,2411
3886,536
3887,536
3888,535
3889,536
3890,520
3891,220
3892,536
3893,4086
3894,536
3895,4049
3896,1660
3897,536
3898,536
3899,536
3900,534
3901,536
3902,524
3903,532
3904,NA
3905,4035
3906,4175
3907,1759
3908,482
3909,482
3910,482
3911,482
3912,476
3913,482
3914,4204
3915,482
3916,4035
3917,14
3918,482
3919,482
3920,482
3921,482
3922,482
3923,482
3924,482
3925,26
3926,26
3927,862
3928,862
3929,120
3930,120
3931,859
3932,119
3933,859
3934,120
3935,120
3936,859
3937,858
3938,858
3939,859
3940,859
3941,857
3942,859
3943,120
3944,859
3945,859
3946,859
3947,839
3948,859
3949,859
3950,2697
3951,2697
3952,157
3953,157
3954,2691
3955,2692
3956,2685
3957,1666
3958,2685
3959,468
3960,157
3961,2685
3962,2679
3963,2684
3964,2685
3965,2685
3966,2692
3967,2667
3968,2337
3969,157
3970,2685
3971,2337
3972,2337
3973,2332
3974,2337
3975,2337
3976,754
3977,720
3978,119
3979,118
3980,753
3981,728
3982,753
3983,119
3984,119
3985,753
3986,753
3987,753
3988,753
3989,753
3990,744
3991,753
3992,119
3993,753
3994,753
3995,753
3996,730
3997,753
3998,753
3999,26
4000,26
4001,26
4002,26
4003,38
4004,38
4005,45
4006,38
4007,45
4008,2668
4009,2668
4010,2679
4011,448
4012,448
4013,2679
4014,2679
4015,2671
4016,1122
4017,2671
4018,742
4019,448
4020,2671
4021,2623
4022,2664
4023,2671
4024,2671
4025,2679
4026,2679
4027,2670
4028,2671
4029,448
4030,2671
4031,2671
4032,2671
4033,2652
4034,2343
4035,2671
4036,2849
4037,2849
4038,2847
4039,120
4040,117
4041,2841
4042,2841
4043,2843
4044,1722
4045,2843
4046,120
4047,120
4048,2843
4049,2838
4050,2839
4051,2843
4052,2843
4053,2847
4054,2841
4055,2730
4056,2843
4057,120
4058,2843
4059,2843
4060,2843
4061,2819
4062,2843
4063,2843
4064,85
4065,85
4066,85
4067,85
4068,85
4069,85
4070,85
4071,85
4072,85
4073,85
4074,85
4075,85
4076,85
4077,85
4078,85
4079,85
4080,85
4081,85
4082,85
4083,85
4084,85
4085,85
4086,85
4087,85
4088,85
4089,86
4090,86
4091,85
4092,86
4093,86
4094,86
4095,86
4096,85
4097,86
4098,86
4099,86
4100,86
4101,86
4102,86
4103,86
4104,86
4105,86
4106,85
4107,85
4108,86
4109,86
4110,86
4111,86
4112,86
4113,86
4114,86
4115,86
4116,86
4117,NA
4118,NA
4119,NA
4120,NA
4121,NA
4122,NA
4123,NA
4124,NA
4125,NA
4126,NA
4127,NA
4128,NA
4129,NA
4130,NA
4131,NA
4132,NA
4133,NA
4134,NA
4135,NA
4136,NA
4137,NA
4138,255
4139,255
4140,255
4141,255
4142,255
4143,256
4144,256
4145,255
4146,255
4147,255
4148,255
4149,255
4150,13
4151,13
4152,13
4153,13
4154,13
4155,13
4156,13
4157,13
4158,13
4159,13
4160,13
4161,13
4162,13
4163,13
4164,13
4165,13
4166,NA
4167,13
4168,13
4169,13
4170,13
4171,13
4172,13
4173,13
4174,13
4175,13
4176,NA
4177,13
4178,13
4179,13
4180,13
4181,13
4182,13
4183,13
4184,13
4185,13
4186,NA
4187,NA
4188,NA
4189,13
4190,13
4191,13
4192,13
4193,13
4194,13
4195,13
4196,13
4197,13
4198,NA
4199,NA
4200,13
4201,13
4202,13
4203,13
4204,13
4205,NA
4206,NA
4207,NA
4208,NA
4209,NA
4210,NA
4211,NA
4212,NA
4213,NA
4214,NA
4215,NA
4216,NA
4217,NA
4218,NA
4219,NA
4220,NA
4221,NA
4222,NA
4223,NA
4224,NA
4225,NA
4226,NA
4227,NA
4228,NA
4229,NA
4230,NA
4231,263
4232,263
4233,1073
4234,262
4235,259
4236,262
4237,262
4238,262
4239,262
4240,263
4241,262
4242,261
4243,263
4244,262
4245,262
4246,261
4247,262
4248,261
4249,262
4250,261
4251,261
4252,NA
4253,NA
4254,NA
4255,NA
4256,NA
4257,NA
4258,NA
4259,NA
4260,NA
4261,NA
4262,NA
4263,NA
4264,NA
4265,NA
4266,NA
4267,NA
4268,NA
4269,NA
4270,NA
4271,NA
4272,NA
4273,NA
4274,NA
4275,NA
4276,NA
4277,NA
4278,NA
4279,NA
4280,NA
4281,NA
4282,NA
4283,NA
4284,NA
4285,NA
4286,NA
4287,NA
4288,NA
4289,NA
4290,NA
4291,NA
4292,NA
4293,NA
4294,NA
4295,NA
4296,143
4297,143
4298,117
4299,NA
4300,NA
4301,NA
4302,44
4303,44
4304,44
4305,44
4306,NA
4307,NA
4308,NA
4309,NA
4310,NA
4311,NA
4312,1787
4313,1787
4314,1837
4315,126
4316,126
4317,1736
4318,1837
4319,1778
4320,NA
4321,1778
4322,126
4323,126
4324,1778
4325,1748
4326,1760
4327,1778
4328,1778
4329,1837
4330,1347
4331,1778
4332,126
4333,1778
4334,1778
4335,1778
4336,1758
4337,1778
4338,1778
4339,NA
4340,137
4341,137
4342,136
4343,136
4344,136
4345,137
4346,137
4347,137
4348,136
4349,137
4350,127
4351,136
4352,137
4353,137
4354,137
4355,136
4356,137
4357,137
4358,137
4359,134
4360,137
4361,137
4362,84
4363,84
4364,84
4365,84
4366,85
4367,85
4368,84
4369,84
4370,85
4371,85
4372,85
4373,85
4374,85
4375,85
4376,84
4377,85
4378,85
4379,84
4380,84
4381,83
4382,85
4383,85
4384,85
4385,85
4386,85
4387,85
4388,85
4389,85
4390,1416
4391,1416
4392,1348
4393,661
4394,138
4395,138
4396,1349
4397,1347
4398,698
4399,1347
4400,138
4401,138
4402,1347
4403,1050
4404,1347
4405,1347
4406,1347
4407,661
4408,811
4409,1347
4410,138
4411,1347
4412,1347
4413,1347
4414,1323
4415,1347
4416,1347
4417,NA
4418,25
4419,25
4420,26
4421,330
4422,328
4423,1049
4424,110
4425,110
4426,623
4427,1025
4428,326
4429,127
4430,326
4431,110
4432,110
4433,326
4434,228
4435,326
4436,326
4437,326
4438,1049
4439,NA
4440,326
4441,110
4442,326
4443,326
4444,326
4445,305
4446,326
4447,326
4448,NA
4449,NA
4450,NA
4451,NA
4452,1361
4453,147
4454,261
4455,NA
4456,NA
4457,NA
4458,NA
4459,247
4460,NA
4461,1582
4462,NA
4463,1361
4464,197
4465,NA
4466,NA
4467,NA
4468,NA
4469,NA
4470,NA
4471,NA
4472,NA
4473,1392
4474,1318
4475,1318
4476,1330
4477,1329
4478,1329
4479,1330
4480,NA
4481,NA
4482,NA
4483,NA
4484,NA
4485,1330
4486,NA
4487,1334
4488,1334
4489,1346
4490,1346
4491,1334
4492,1334
4493,1333
4494,1346
4495,1334
4496,712
4497,NA
4498,1369
4499,1346
4500,2336
4501,2336
4502,2340
4503,2341
4504,596
4505,2340
4506,2070
4507,2070
4508,2070
4509,2058
4510,1985
4511,2070
4512,2070
4513,2340
4514,2341
4515,940
4516,2070
4517,2070
4518,2070
4519,2070
4520,2070
4521,2070
4522,2070
4523,1861
4524,1823
4525,1868
4526,1869
4527,180
4528,697
4529,1868
4530,1849
4531,1849
4532,1849
4533,1841
4534,1844
4535,1849
4536,1849
4537,1868
4538,1868
4539,1789
4540,1849
4541,1849
4542,1849
4543,1849
4544,1849
4545,1849
4546,1849
4547,2143
4548,2143
4549,2071
4550,2147
4551,2126
4552,2096
4553,2127
4554,2127
4555,351
4556,2127
4557,2056
4558,2126
4559,2127
4560,2127
4561,2147
4562,2096
4563,1800
4564,2127
4565,1800
4566,1800
4567,1800
4568,1800
4569,1800
4570,364
4571,33
4572,361
4573,363
4574,NA
4575,NA
4576,NA
4577,NA
4578,266
4579,267
4580,267
4581,266
4582,266
4583,267
4584,267
4585,267
4586,267
4587,267
4588,260
4589,266
4590,267
4591,267
4592,266
4593,266
4594,267
4595,267
4596,267
4597,267
4598,266
4599,267
4600,267
4601,267
4602,31
4603,29
4604,NA
4605,31
4606,31
4607,31
4608,31
4609,30
4610,30
4611,30
4612,30
4613,30
4614,31
4615,30
4616,31
4617,31
4618,31
4619,31
4620,31
4621,30
4622,30
4623,30
4624,30
4625,30
4626,31
4627,30
4628,31
4629,31
4630,31
4631,31
4632,31
4633,30
4634,30
4635,30
4636,30
4637,30
4638,31
4639,30
4640,31
4641,31
4642,31
4643,31
4644,NA
4645,31
4646,30
4647,30
4648,30
4649,30
4650,30
4651,31
4652,30
4653,31
4654,31
4655,31
4656,NA
4657,NA
4658,30
4659,30
4660,30
4661,30
4662,30
4663,30
4664,15
4665,14
4666,12
4667,12
4668,12
4669,10
4670,12
4671,30
4672,29
4673,31
4674,31
4675,NA
4676,31
4677,31
4678,31
4679,31
4680,31
4681,30
4682,30
4683,30
4684,30
4685,30
4686,31
4687,30
4688,32
4689,32
4690,32
4691,32
4692,32
4693,32
4694,31
4695,31
4696,31
4697,31
4698,31
4699,31
4700,31
4701,31
4702,30
4703,31
4704,31
4705,31
4706,31
4707,31
4708,31
4709,31
4710,31
4711,30
4712,31
4713,31
4714,31
4715,31
4716,15
4717,15
4718,15
4719,15
4720,15
4721,15
4722,15
4723,31
4724,31
4725,31
4726,30
4727,30
4728,30
4729,30
4730,30
4731,30
4732,29
4733,31
4734,31
4735,31
4736,32
4737,32
4738,32
4739,31
4740,31
4741,31
4742,31
4743,31
4744,31
4745,513
4746,513
4747,103
4748,103
4749,532
4750,532
4751,67
4752,532
4753,532
4754,532
4755,525
4756,91
4757,525
4758,525
4759,506
4760,532
4761,525
4762,526
4763,190
4764,126
4765,188
4766,190
4767,77
4768,77
4769,190
4770,190
4771,187
4772,77
4773,187
4774,187
4775,187
4776,187
4777,481
4778,481
4779,482
4780,507
4781,506
4782,30
4783,30
4784,30
4785,30
4786,506
4787,30
4788,495
4789,113
4790,529
4791,529
4792,106
4793,106
4794,520
4795,45
4796,520
4797,520
4798,486
4799,529
4800,55
4801,520
4802,45
4803,55
4804,398
4805,376
4806,420
4807,419
4808,419
4809,419
4810,420
4811,344
4812,408
4813,408
4814,408
4815,385
4816,523
4817,408
4818,415
4819,NA
4820,414
4821,110
4822,110
4823,115
4824,115
4825,115
4826,115
4827,115
4828,110
4829,115
4830,506
4831,506
4832,506
4833,506
4834,506
4835,506
4836,504
4837,506
4838,400
4839,360
4840,525
4841,525
4842,421
4843,421
4844,404
4845,404
4846,404
4847,404
4848,386
4849,525
4850,404
4851,521
4852,504
4853,108
4854,108
4855,524
4856,108
4857,520
4858,396
4859,520
4860,520
4861,519
4862,520
4863,385
4864,415
4865,335
4866,NA
4867,335
4868,335
4869,341
4870,335
4871,188
4872,164
4873,188
4874,3047
4875,3047
4876,2374
4877,2736
4878,2736
4879,2726
4880,95
4881,95
4882,71
4883,95
4884,95
4885,95
4886,NA
4887,102
4888,NA
4889,NA
4890,3689
4891,87
4892,87
4893,87
4894,87
4895,87
4896,87
4897,87
4898,87
4899,87
4900,87
4901,87
4902,87
4903,87
4904,38
4905,33
4906,38
4907,38
4908,3804
4909,1887
4910,3800
4911,3800
4912,3800
4913,3800
4914,4147
4915,4147
4916,4152
4917,NA
4918,NA
4919,NA
4920,NA
4921,NA
4922,NA
4923,NA
4924,NA
4925,NA
4926,NA
4927,NA
4928,NA
4929,NA
4930,NA
4931,NA
4932,NA
4933,NA
4934,NA
4935,NA
4936,NA
4937,NA
4938,NA
4939,NA
4940,NA
4941,NA
4942,NA
4943,NA
4944,NA
4945,NA
4946,NA
4947,NA
4948,NA
4949,NA
4950,NA
4951,NA
4952,NA
4953,NA
4954,NA
4955,NA
4956,NA
4957,NA
4958,NA
4959,80
4960,80
4961,80
4962,80
4963,80
4964,80
4965,55
4966,80
4967,80
4968,80
4969,80
4970,80
4971,79
4972,80
4973,80
4974,80
4975,80
4976,80
4977,80
4978,80
4979,80
4980,80
4981,80
4982,80
4983,80
4984,80
4985,80
4986,80
4987,80
4988,80
4989,NA
4990,80
4991,80
4992,80
4993,80
4994,80
4995,80
4996,80
4997,80
4998,80
4999,80
5000,80
5001,79
5002,79
5003,79
5004,NA
5005,177
5006,177
5007,48
5008,2009
5009,2009
5010,715
5011,262
5012,127
5013,109
5014,263
5015,NA
5016,NA
5017,NA
5018,NA
5019,NA
5020,NA
5021,NA
5022,NA
5023,NA
5024,NA
5025,NA
5026,NA
5027,NA
5028,18
5029,18
5030,NA
5031,102
5032,38
5033,102
5034,102
5035,99
5036,NA
5037,NA
5038,NA
5039,NA
5040,NA
5041,18
5042,18
5043,18
5044,18
5045,18
5046,18
5047,18
5048,36
5049,32
5050,36
5051,NA
5052,NA
5053,NA
5054,NA
5055,NA
5056,NA
5057,NA
5058,18
5059,18
5060,18
5061,18
5062,18
5063,18
5064,18
5065,NA
5066,NA
5067,NA
5068,NA
5069,NA
5070,NA
5071,NA
5072,NA
5073,NA
5074,NA
5075,NA
5076,587
5077,587
5078,586
5079,586
5080,606
5081,523
5082,606
5083,605
5084,NA
5085,605
5086,586
5087,586
5088,586
5089,606
5090,586
5091,586
5092,31
5093,31
5094,31
5095,31
5096,31
5097,30
5098,30
5099,30
5100,30
5101,30
5102,1284
5103,1284
5104,1282
5105,205
5106,205
5107,205
5108,203
5109,205
5110,205
5111,205
5112,205
5113,205
5114,205
5115,205
5116,205
5117,205
5118,NA
5119,14
5120,14
5121,14
5122,14
5123,8
5124,6
5125,NA
5126,NA
5127,NA
5128,NA
5129,NA
5130,852
5131,852
5132,872
5133,783
5134,890
5135,NA
5136,NA
5137,NA
5138,NA
5139,NA
5140,NA
5141,NA
5142,26
5143,26
5144,26
5145,26
5146,26
5147,26
5148,26
5149,26
5150,26
5151,25
5152,26
5153,26
5154,26
5155,26
5156,26
5157,26
5158,26
5159,26
5160,26
5161,26
5162,26
5163,26
5164,26
5165,26
5166,26
5167,26
5168,26
5169,26
5170,26
5171,26
5172,26
5173,26
5174,26
5175,26
5176,26
5177,26
5178,26
5179,26
5180,26
5181,26
5182,26
5183,26
5184,26
5185,26
5186,26
5187,26
5188,26
5189,26
5190,26
5191,26
5192,26
5193,26
5194,26
5195,26
5196,26
5197,26
5198,26
5199,26
5200,26
5201,26
5202,26
5203,26
5204,26
5205,NA
5206,26
5207,26
5208,26
5209,26
5210,26
5211,26
5212,26
5213,26
5214,26
5215,26
5216,25
5217,26
5218,26
5219,26
5220,26
5221,26
5222,26
5223,26
5224,26
5225,26
5226,26
5227,26
5228,26
5229,26
5230,26
5231,26
5232,26
5233,26
5234,26
5235,26
5236,26
5237,26
5238,26
5239,26
5240,26
5241,26
5242,26
5243,26
5244,26
5245,26
5246,26
5247,26
5248,26
5249,26
5250,26
5251,26
5252,26
5253,26
5254,26
5255,26
5256,26
5257,26
5258,26
5259,26
5260,26
5261,26
5262,26
5263,26
5264,26
5265,26
5266,26
5267,26
5268,26
5269,26
5270,26
5271,26
5272,26
5273,26
5274,26
5275,26
5276,26
5277,26
5278,26
5279,26
5280,26
5281,26
5282,26
5283,26
5284,26
5285,26
5286,26
5287,26
5288,26
5289,26
5290,26
5291,NA
5292,NA
5293,NA
5294,NA
5295,NA
5296,NA
5297,NA
5298,NA
5299,NA
5300,NA
5301,NA
5302,NA
5303,NA
5304,NA
5305,NA
5306,NA
5307,NA
5308,NA
5309,NA
5310,NA
5311,NA
5312,NA
5313,NA
5314,NA
5315,NA
5316,NA
5317,NA
5318,NA
5319,NA
5320,NA
5321,NA
5322,NA
5323,NA
5324,NA
5325,NA
5326,NA
5327,NA
5328,NA
5329,NA
5330,NA
5331,NA
5332,NA
5333,NA
5334,NA
5335,NA
5336,NA
5337,NA
5338,NA
5339,NA
5340,NA
5341,NA
5342,NA
5343,NA
5344,NA
5345,NA
5346,NA
5347,NA
5348,NA
5349,NA
5350,NA
5351,NA
5352,NA
5353,NA
5354,NA
5355,NA
5356,NA
5357,NA
5358,NA
5359,NA
5360,NA
5361,NA
5362,NA
5363,NA
5364,NA
5365,NA
5366,NA
5367,NA
5368,NA
5369,NA
5370,NA
5371,NA
5372,NA
5373,NA
5374,NA
5375,NA
5376,NA
5377,NA
5378,NA
5379,NA
5380,NA
5381,NA
5382,NA
5383,NA
5384,NA
5385,NA
5386,NA
5387,NA
5388,NA
5389,NA
5390,NA
5391,NA
5392,NA
5393,NA
5394,NA
5395,NA
5396,NA
5397,NA
5398,NA
5399,NA
5400,NA
5401,NA
5402,NA
5403,NA
5404,NA
5405,NA
5406,NA
5407,NA
5408,NA
5409,NA
5410,NA
5411,NA
5412,NA
5413,NA
5414,NA
5415,NA
5416,NA
5417,NA
5418,NA
5419,NA
5420,NA
5421,NA
5422,NA
5423,NA
5424,NA
5425,NA
5426,NA
5427,NA
5428,NA
5429,NA
5430,NA
5431,NA
5432,NA
5433,NA
5434,NA
5435,NA
5436,NA
5437,NA
5438,NA
5439,NA
5440,NA
5441,NA
5442,NA
5443,NA
5444,NA
5445,NA
5446,NA
5447,NA
5448,NA
5449,NA
5450,NA
5451,NA
5452,NA
5453,NA
5454,NA
5455,NA
5456,NA
5457,NA
5458,NA
5459,NA
5460,NA
5461,NA
5462,NA
5463,NA
5464,NA
5465,NA
5466,NA
5467,NA
5468,NA
5469,NA
5470,NA
5471,NA
5472,NA
5473,NA
5474,NA
5475,NA
5476,NA
5477,NA
5478,NA
5479,NA
5480,NA
5481,NA
5482,NA
5483,NA
5484,NA
5485,NA
5486,NA
5487,NA
5488,NA
